day,total_bill,tip,percent
Thur,1096.3299999999997,171.83,15.67320058741438
Fri,325.87999999999994,51.96,15.94451945501412
Sat,1778.3999999999996,260.4,14.642375168690961
Sun,1627.1600000000003,247.39000000000007,15.20379065365422
